,accuracy,precision,recall,f1,roc_auc
random_forest,0.796,0.713527851458886,0.736986301369863,0.7250673854447439,0.8732261891921044
voting_ensemble,0.8,0.7298050139275766,0.7178082191780822,0.7237569060773481,0.8767382159421853
logistic_regression,0.797,0.720108695652174,0.726027397260274,0.723055934515689,0.8704864631647071
xgboost,0.798,0.7270194986072424,0.7150684931506849,0.7209944751381215,0.8685406105058786
